page_url,image_url
https://en.wikipedia.org/wiki/List_of_Hindu_temples_in_India,https://en.wikipedia.org/static/images/icons/enwiki-25.svg
https://en.wikipedia.org/wiki/List_of_Hindu_temples_in_India,https://en.wikipedia.org/static/images/mobile/copyright/wikipedia-wordmark-en-25.svg
https://en.wikipedia.org/wiki/List_of_Hindu_temples_in_India,https://en.wikipedia.org/static/images/mobile/copyright/wikipedia-tagline-en-25.svg
https://en.wikipedia.org/wiki/List_of_Hindu_temples_in_India,https://upload.wikimedia.org/wikipedia/commons/thumb/d/d9/Tirumala_Venkateswara_temple_entrance_09062015.JPG/250px-Tirumala_Venkateswara_temple_entrance_09062015.JPG?utm_source=en.wikipedia.org&utm_campaign=parser&utm_content=thumbnail
https://en.wikipedia.org/wiki/List_of_Hindu_temples_in_India,https://upload.wikimedia.org/wikipedia/commons/thumb/c/c6/Simhachalam-temple-2_big.jpg/250px-Simhachalam-temple-2_big.jpg?utm_source=en.wikipedia.org&utm_campaign=parser&utm_content=thumbnail
https://en.wikipedia.org/wiki/List_of_Hindu_temples_in_India,https://upload.wikimedia.org/wikipedia/commons/thumb/b/ba/Kanakadurga_Temple_gopuram.jpg/250px-Kanakadurga_Temple_gopuram.jpg?utm_source=en.wikipedia.org&utm_campaign=parser&utm_content=thumbnail
https://en.wikipedia.org/wiki/List_of_Hindu_temples_in_India,https://upload.wikimedia.org/wikipedia/commons/thumb/c/c0/Srisailam.jpg/250px-Srisailam.jpg?utm_source=en.wikipedia.org&utm_campaign=parser&utm_content=thumbnail
https://en.wikipedia.org/wiki/List_of_Hindu_temples_in_India,https://upload.wikimedia.org/wikipedia/commons/thumb/2/26/Temple_of_Kamakhya.jpg/250px-Temple_of_Kamakhya.jpg?utm_source=en.wikipedia.org&utm_campaign=parser&utm_content=thumbnail
https://en.wikipedia.org/wiki/List_of_Hindu_temples_in_India,https://upload.wikimedia.org/wikipedia/commons/thumb/7/79/Siva_Dol.JPG/250px-Siva_Dol.JPG?utm_source=en.wikipedia.org&utm_campaign=parser&utm_content=thumbnail
https://en.wikipedia.org/wiki/List_of_Hindu_temples_in_India,https://upload.wikimedia.org/wikipedia/commons/thumb/6/6d/Maa_Mundeshwari_Devi.jpg/250px-Maa_Mundeshwari_Devi.jpg?utm_source=en.wikipedia.org&utm_campaign=parser&utm_content=thumbnail
https://en.wikipedia.org/wiki/List_of_Hindu_temples_in_India,https://upload.wikimedia.org/wikipedia/commons/c/ce/Vishnupadh_Temple.jpg?utm_source=en.wikipedia.org&utm_campaign=parser&utm_content=thumbnail_unscaled
https://en.wikipedia.org/wiki/List_of_Hindu_temples_in_India,https://upload.wikimedia.org/wikipedia/commons/thumb/d/d0/Parasmanidham_Ariel_View.png/250px-Parasmanidham_Ariel_View.png?utm_source=en.wikipedia.org&utm_campaign=parser&utm_content=thumbnail
https://en.wikipedia.org/wiki/List_of_Hindu_temples_in_India,https://upload.wikimedia.org/wikipedia/commons/thumb/b/b1/Bhoramdeo_Temple%2C_Kawardha.jpg/250px-Bhoramdeo_Temple%2C_Kawardha.jpg?utm_source=en.wikipedia.org&utm_campaign=parser&utm_content=thumbnail
https://en.wikipedia.org/wiki/List_of_Hindu_temples_in_India,https://upload.wikimedia.org/wikipedia/commons/thumb/1/1b/Laxman_temple_at_sirpur%2Cchhattisgarh%2Cindia.JPG/250px-Laxman_temple_at_sirpur%2Cchhattisgarh%2Cindia.JPG?utm_source=en.wikipedia.org&utm_campaign=parser&utm_content=thumbnail
https://en.wikipedia.org/wiki/List_of_Hindu_temples_in_India,https://upload.wikimedia.org/wikipedia/commons/thumb/a/a4/Akshardham_Lotus.jpg/250px-Akshardham_Lotus.jpg?utm_source=en.wikipedia.org&utm_campaign=parser&utm_content=thumbnail
https://en.wikipedia.org/wiki/List_of_Hindu_temples_in_India,https://upload.wikimedia.org/wikipedia/commons/thumb/3/37/Laxminarayan_Temple_in_New_Delhi_03-2016.jpg/250px-Laxminarayan_Temple_in_New_Delhi_03-2016.jpg?utm_source=en.wikipedia.org&utm_campaign=parser&utm_content=thumbnail
https://en.wikipedia.org/wiki/List_of_Hindu_temples_in_India,https://upload.wikimedia.org/wikipedia/commons/thumb/a/a2/Dwarkadheesh_temple.jpg/250px-Dwarkadheesh_temple.jpg?utm_source=en.wikipedia.org&utm_campaign=parser&utm_content=thumbnail
https://en.wikipedia.org/wiki/List_of_Hindu_temples_in_India,https://upload.wikimedia.org/wikipedia/commons/thumb/0/0c/Damodar_Kund_-_Junagadh_-_Gujarat_-_DSC001.jpg/250px-Damodar_Kund_-_Junagadh_-_Gujarat_-_DSC001.jpg?utm_source=en.wikipedia.org&utm_campaign=parser&utm_content=thumbnail
https://en.wikipedia.org/wiki/List_of_Hindu_temples_in_India,https://upload.wikimedia.org/wikipedia/commons/thumb/f/f6/Somnath-current.jpg/250px-Somnath-current.jpg?utm_source=en.wikipedia.org&utm_campaign=parser&utm_content=thumbnail
https://en.wikipedia.org/wiki/List_of_Hindu_temples_in_India,https://upload.wikimedia.org/wikipedia/commons/thumb/d/da/Sun_Temple%2C_Modhera_06.jpg/250px-Sun_Temple%2C_Modhera_06.jpg?utm_source=en.wikipedia.org&utm_campaign=parser&utm_content=thumbnail
https://en.wikipedia.org/wiki/List_of_Hindu_temples_in_India,https://upload.wikimedia.org/wikipedia/commons/thumb/1/13/A_temple_in_Mansa_Devi_temple_complex%2C_Panchkula_near_Chandigarh.jpg/250px-A_temple_in_Mansa_Devi_temple_complex%2C_Panchkula_near_Chandigarh.jpg?utm_source=en.wikipedia.org&utm_campaign=parser&utm_content=thumbnail
https://en.wikipedia.org/wiki/List_of_Hindu_temples_in_India,https://upload.wikimedia.org/wikipedia/commons/thumb/4/4f/Naina_Devi%2C_Himachal_Pardesh_%2810%29.jpg/250px-Naina_Devi%2C_Himachal_Pardesh_%2810%29.jpg?utm_source=en.wikipedia.org&utm_campaign=parser&utm_content=thumbnail
https://en.wikipedia.org/wiki/List_of_Hindu_temples_in_India,https://upload.wikimedia.org/wikipedia/commons/thumb/4/4d/Shikari_Devi_Temple.jpg/250px-Shikari_Devi_Temple.jpg?utm_source=en.wikipedia.org&utm_campaign=parser&utm_content=thumbnail
https://en.wikipedia.org/wiki/List_of_Hindu_temples_in_India,https://upload.wikimedia.org/wikipedia/commons/thumb/c/c6/Kalibari_Shimla.jpg/250px-Kalibari_Shimla.jpg?utm_source=en.wikipedia.org&utm_campaign=parser&utm_content=thumbnail
https://en.wikipedia.org/wiki/List_of_Hindu_temples_in_India,https://upload.wikimedia.org/wikipedia/commons/thumb/d/d4/Jwalamukhi_temple%2Ckangra%2C_himachal_pradesh..JPG/250px-Jwalamukhi_temple%2Ckangra%2C_himachal_pradesh..JPG?utm_source=en.wikipedia.org&utm_campaign=parser&utm_content=thumbnail
https://en.wikipedia.org/wiki/List_of_Hindu_temples_in_India,https://upload.wikimedia.org/wikipedia/commons/thumb/e/e3/0051223_Vajreshwari_Devi_Mandir%2C_Kangra_Himachal_Pradesh_011.jpg/250px-0051223_Vajreshwari_Devi_Mandir%2C_Kangra_Himachal_Pradesh_011.jpg?utm_source=en.wikipedia.org&utm_campaign=parser&utm_content=thumbnail
https://en.wikipedia.org/wiki/List_of_Hindu_temples_in_India,https://upload.wikimedia.org/wikipedia/commons/thumb/6/67/Jakhoo_Mandir_drone_view.jpg/250px-Jakhoo_Mandir_drone_view.jpg?utm_source=en.wikipedia.org&utm_campaign=parser&utm_content=thumbnail
https://en.wikipedia.org/wiki/List_of_Hindu_temples_in_India,https://upload.wikimedia.org/wikipedia/commons/thumb/9/99/Hidimba_Devi_Temple_-_North-east_View_-_Manali_2014-05-11_2648-2649.TIF/lossy-page1-250px-Hidimba_Devi_Temple_-_North-east_View_-_Manali_2014-05-11_2648-2649.TIF.jpg?utm_source=en.wikipedia.org&utm_campaign=parser&utm_content=thumbnail
https://en.wikipedia.org/wiki/List_of_Hindu_temples_in_India,https://upload.wikimedia.org/wikipedia/commons/thumb/a/af/Lord_Amarnath.jpg/250px-Lord_Amarnath.jpg?utm_source=en.wikipedia.org&utm_campaign=parser&utm_content=thumbnail
https://en.wikipedia.org/wiki/List_of_Hindu_temples_in_India,https://upload.wikimedia.org/wikipedia/commons/thumb/8/8a/Mata_Vaishno_Devi_Bhawan%2C_Jammu._India.jpg/250px-Mata_Vaishno_Devi_Bhawan%2C_Jammu._India.jpg?utm_source=en.wikipedia.org&utm_campaign=parser&utm_content=thumbnail
https://en.wikipedia.org/wiki/List_of_Hindu_temples_in_India,https://upload.wikimedia.org/wikipedia/commons/thumb/e/e2/Baba_Dham.jpg/250px-Baba_Dham.jpg?utm_source=en.wikipedia.org&utm_campaign=parser&utm_content=thumbnail
https://en.wikipedia.org/wiki/List_of_Hindu_temples_in_India,https://upload.wikimedia.org/wikipedia/commons/thumb/b/bc/Maa_Dewri_Mandir.jpg/250px-Maa_Dewri_Mandir.jpg?utm_source=en.wikipedia.org&utm_campaign=parser&utm_content=thumbnail
https://en.wikipedia.org/wiki/List_of_Hindu_temples_in_India,https://upload.wikimedia.org/wikipedia/en/thumb/c/c5/Jaganath_Temple%2C_Ranchi.jpg/250px-Jaganath_Temple%2C_Ranchi.jpg?utm_source=en.wikipedia.org&utm_campaign=parser&utm_content=thumbnail
https://en.wikipedia.org/wiki/List_of_Hindu_temples_in_India,https://upload.wikimedia.org/wikipedia/commons/thumb/d/dc/Shiva_Statue_Murdeshwara_Temple.jpg/250px-Shiva_Statue_Murdeshwara_Temple.jpg?utm_source=en.wikipedia.org&utm_campaign=parser&utm_content=thumbnail
https://en.wikipedia.org/wiki/List_of_Hindu_temples_in_India,https://upload.wikimedia.org/wikipedia/commons/thumb/2/2d/Durga_Temple.jpg/250px-Durga_Temple.jpg?utm_source=en.wikipedia.org&utm_campaign=parser&utm_content=thumbnail
https://en.wikipedia.org/wiki/List_of_Hindu_temples_in_India,https://upload.wikimedia.org/wikipedia/commons/thumb/1/11/ISKCON_Banglaore_Temple.jpg/250px-ISKCON_Banglaore_Temple.jpg?utm_source=en.wikipedia.org&utm_campaign=parser&utm_content=thumbnail
https://en.wikipedia.org/wiki/List_of_Hindu_temples_in_India,https://upload.wikimedia.org/wikipedia/commons/thumb/7/71/Hampi_Virupaksha_temple.JPG/250px-Hampi_Virupaksha_temple.JPG?utm_source=en.wikipedia.org&utm_campaign=parser&utm_content=thumbnail
https://en.wikipedia.org/wiki/List_of_Hindu_temples_in_India,https://upload.wikimedia.org/wikipedia/commons/thumb/2/22/Ananthapuram_Lak_Temple.JPG/250px-Ananthapuram_Lak_Temple.JPG?utm_source=en.wikipedia.org&utm_campaign=parser&utm_content=thumbnail
https://en.wikipedia.org/wiki/List_of_Hindu_temples_in_India,https://upload.wikimedia.org/wikipedia/commons/thumb/a/a3/Poornathrayisa_back_side.JPG/250px-Poornathrayisa_back_side.JPG?utm_source=en.wikipedia.org&utm_campaign=parser&utm_content=thumbnail
https://en.wikipedia.org/wiki/List_of_Hindu_temples_in_India,https://upload.wikimedia.org/wikipedia/commons/thumb/3/3c/Vadakkunnathan_Temple_west_nada_-_0204.JPG/250px-Vadakkunnathan_Temple_west_nada_-_0204.JPG?utm_source=en.wikipedia.org&utm_campaign=parser&utm_content=thumbnail
https://en.wikipedia.org/wiki/List_of_Hindu_temples_in_India,https://upload.wikimedia.org/wikipedia/commons/thumb/8/8d/Sabarimala_sannidhanam.jpg/250px-Sabarimala_sannidhanam.jpg?utm_source=en.wikipedia.org&utm_campaign=parser&utm_content=thumbnail
https://en.wikipedia.org/wiki/List_of_Hindu_temples_in_India,https://upload.wikimedia.org/wikipedia/commons/thumb/5/52/Vazhappally_Temple.jpg/250px-Vazhappally_Temple.jpg?utm_source=en.wikipedia.org&utm_campaign=parser&utm_content=thumbnail
https://en.wikipedia.org/wiki/List_of_Hindu_temples_in_India,https://upload.wikimedia.org/wikipedia/commons/thumb/7/7d/Mahakal_Temple_Ujjain.JPG/250px-Mahakal_Temple_Ujjain.JPG?utm_source=en.wikipedia.org&utm_campaign=parser&utm_content=thumbnail
https://en.wikipedia.org/wiki/List_of_Hindu_temples_in_India,https://upload.wikimedia.org/wikipedia/commons/thumb/8/8c/Khajuraho.KandariyaMahadeva.jpg/250px-Khajuraho.KandariyaMahadeva.jpg?utm_source=en.wikipedia.org&utm_campaign=parser&utm_content=thumbnail
https://en.wikipedia.org/wiki/List_of_Hindu_temples_in_India,https://upload.wikimedia.org/wikipedia/commons/thumb/9/96/Sas_Bahu_Temple.jpg/250px-Sas_Bahu_Temple.jpg?utm_source=en.wikipedia.org&utm_campaign=parser&utm_content=thumbnail
https://en.wikipedia.org/wiki/List_of_Hindu_temples_in_India,https://upload.wikimedia.org/wikipedia/commons/thumb/b/b5/Siddhivinayak_temple.jpg/250px-Siddhivinayak_temple.jpg?utm_source=en.wikipedia.org&utm_campaign=parser&utm_content=thumbnail
https://en.wikipedia.org/wiki/List_of_Hindu_temples_in_India,https://upload.wikimedia.org/wikipedia/commons/thumb/b/b2/Sri_Sai_Baba_Temple_%2C_Shirdi.jpg/250px-Sri_Sai_Baba_Temple_%2C_Shirdi.jpg?utm_source=en.wikipedia.org&utm_campaign=parser&utm_content=thumbnail
https://en.wikipedia.org/wiki/List_of_Hindu_temples_in_India,https://upload.wikimedia.org/wikipedia/commons/thumb/b/b1/Trimbakeshwar_nj.jpg/250px-Trimbakeshwar_nj.jpg?utm_source=en.wikipedia.org&utm_campaign=parser&utm_content=thumbnail
https://en.wikipedia.org/wiki/List_of_Hindu_temples_in_India,https://upload.wikimedia.org/wikipedia/commons/thumb/d/d9/Elephanta_Caves_Trimurti.jpg/250px-Elephanta_Caves_Trimurti.jpg?utm_source=en.wikipedia.org&utm_campaign=parser&utm_content=thumbnail
https://en.wikipedia.org/wiki/List_of_Hindu_temples_in_India,https://upload.wikimedia.org/wikipedia/commons/thumb/8/87/Kailasha_temple_at_ellora.JPG/250px-Kailasha_temple_at_ellora.JPG?utm_source=en.wikipedia.org&utm_campaign=parser&utm_content=thumbnail
https://en.wikipedia.org/wiki/List_of_Hindu_temples_in_India,https://upload.wikimedia.org/wikipedia/commons/thumb/b/b8/Konark_Sun_Temple_Front_view.jpg/250px-Konark_Sun_Temple_Front_view.jpg?utm_source=en.wikipedia.org&utm_campaign=parser&utm_content=thumbnail
https://en.wikipedia.org/wiki/List_of_Hindu_temples_in_India,https://upload.wikimedia.org/wikipedia/commons/thumb/a/a2/Muktesvara_deula.jpg/250px-Muktesvara_deula.jpg?utm_source=en.wikipedia.org&utm_campaign=parser&utm_content=thumbnail
https://en.wikipedia.org/wiki/List_of_Hindu_temples_in_India,https://upload.wikimedia.org/wikipedia/commons/thumb/7/7d/Temple-Jagannath.jpg/250px-Temple-Jagannath.jpg?utm_source=en.wikipedia.org&utm_campaign=parser&utm_content=thumbnail
https://en.wikipedia.org/wiki/List_of_Hindu_temples_in_India,https://upload.wikimedia.org/wikipedia/commons/thumb/8/83/Lingaraj_temple_Bhubaneswar_11007.jpg/250px-Lingaraj_temple_Bhubaneswar_11007.jpg?utm_source=en.wikipedia.org&utm_campaign=parser&utm_content=thumbnail
https://en.wikipedia.org/wiki/List_of_Hindu_temples_in_India,https://upload.wikimedia.org/wikipedia/commons/thumb/a/a0/Vaitala_Mandira.jpg/250px-Vaitala_Mandira.jpg?utm_source=en.wikipedia.org&utm_campaign=parser&utm_content=thumbnail
https://en.wikipedia.org/wiki/List_of_Hindu_temples_in_India,https://upload.wikimedia.org/wikipedia/commons/thumb/9/9b/Rajarani_Temple_2.jpg/250px-Rajarani_Temple_2.jpg?utm_source=en.wikipedia.org&utm_campaign=parser&utm_content=thumbnail
https://en.wikipedia.org/wiki/List_of_Hindu_temples_in_India,https://upload.wikimedia.org/wikipedia/commons/thumb/c/c6/Ratnagiri_Jajpur_district_Odisha.jpg/250px-Ratnagiri_Jajpur_district_Odisha.jpg?utm_source=en.wikipedia.org&utm_campaign=parser&utm_content=thumbnail
https://en.wikipedia.org/wiki/List_of_Hindu_temples_in_India,https://upload.wikimedia.org/wikipedia/commons/thumb/b/bb/Ananta_Vasudeva_Temple.jpg/250px-Ananta_Vasudeva_Temple.jpg?utm_source=en.wikipedia.org&utm_campaign=parser&utm_content=thumbnail
https://en.wikipedia.org/wiki/List_of_Hindu_temples_in_India,https://upload.wikimedia.org/wikipedia/commons/thumb/9/97/Gate_of_Nrusinghanath_Temple1.JPG/250px-Gate_of_Nrusinghanath_Temple1.JPG?utm_source=en.wikipedia.org&utm_campaign=parser&utm_content=thumbnail
https://en.wikipedia.org/wiki/List_of_Hindu_temples_in_India,https://upload.wikimedia.org/wikipedia/commons/thumb/b/bb/Taratarini_maa.jpg/250px-Taratarini_maa.jpg?utm_source=en.wikipedia.org&utm_campaign=parser&utm_content=thumbnail
https://en.wikipedia.org/wiki/List_of_Hindu_temples_in_India,https://upload.wikimedia.org/wikipedia/commons/thumb/f/f9/Brahmeswara_Temple%2C_Bhubaneswar.JPG/250px-Brahmeswara_Temple%2C_Bhubaneswar.JPG?utm_source=en.wikipedia.org&utm_campaign=parser&utm_content=thumbnail
https://en.wikipedia.org/wiki/List_of_Hindu_temples_in_India,https://upload.wikimedia.org/wikipedia/commons/thumb/d/d8/Many_of_the_locals_we_had_spoken_to_were_delighted_that_the_Govt_has_sanctioned_funds_for_renovation_of_this_temple_%2838049489065%29.jpg/250px-Many_of_the_locals_we_had_spoken_to_were_delighted_that_the_Govt_has_sanctioned_funds_for_renovation_of_this_temple_%2838049489065%29.jpg?utm_source=en.wikipedia.org&utm_campaign=parser&utm_content=thumbnail
https://en.wikipedia.org/wiki/List_of_Hindu_temples_in_India,https://upload.wikimedia.org/wikipedia/commons/thumb/3/3f/Birla_Temple_in_Jaipur.jpg/250px-Birla_Temple_in_Jaipur.jpg?utm_source=en.wikipedia.org&utm_campaign=parser&utm_content=thumbnail
https://en.wikipedia.org/wiki/List_of_Hindu_temples_in_India,https://upload.wikimedia.org/wikipedia/commons/thumb/7/74/Govind_dev_ji.jpg/250px-Govind_dev_ji.jpg?utm_source=en.wikipedia.org&utm_campaign=parser&utm_content=thumbnail
https://en.wikipedia.org/wiki/List_of_Hindu_temples_in_India,https://upload.wikimedia.org/wikipedia/commons/thumb/2/2b/Madanmohan-ji.jpg/250px-Madanmohan-ji.jpg?utm_source=en.wikipedia.org&utm_campaign=parser&utm_content=thumbnail
https://en.wikipedia.org/wiki/List_of_Hindu_temples_in_India,https://upload.wikimedia.org/wikipedia/commons/thumb/8/8e/Mamallapuram_%28167%29.jpg/250px-Mamallapuram_%28167%29.jpg?utm_source=en.wikipedia.org&utm_campaign=parser&utm_content=thumbnail
https://en.wikipedia.org/wiki/List_of_Hindu_temples_in_India,https://upload.wikimedia.org/wikipedia/commons/thumb/e/e5/Varagunamangai2.jpg/250px-Varagunamangai2.jpg?utm_source=en.wikipedia.org&utm_campaign=parser&utm_content=thumbnail
https://en.wikipedia.org/wiki/List_of_Hindu_temples_in_India,https://upload.wikimedia.org/wikipedia/commons/thumb/7/76/Kamakshi_Amman_Temple_Night.jpg/250px-Kamakshi_Amman_Temple_Night.jpg?utm_source=en.wikipedia.org&utm_campaign=parser&utm_content=thumbnail
https://en.wikipedia.org/wiki/List_of_Hindu_temples_in_India,https://upload.wikimedia.org/wikipedia/commons/thumb/c/c3/Thirunagai8.JPG/250px-Thirunagai8.JPG?utm_source=en.wikipedia.org&utm_campaign=parser&utm_content=thumbnail
https://en.wikipedia.org/wiki/List_of_Hindu_temples_in_India,https://upload.wikimedia.org/wikipedia/commons/thumb/4/4b/Gangaikonda_Gopuram_5-10a.jpg/250px-Gangaikonda_Gopuram_5-10a.jpg?utm_source=en.wikipedia.org&utm_campaign=parser&utm_content=thumbnail
https://en.wikipedia.org/wiki/List_of_Hindu_temples_in_India,https://upload.wikimedia.org/wikipedia/commons/thumb/e/e4/PERUR_PATTEESHWARAR_TEMPLE.jpg/250px-PERUR_PATTEESHWARAR_TEMPLE.jpg?utm_source=en.wikipedia.org&utm_campaign=parser&utm_content=thumbnail
https://en.wikipedia.org/wiki/List_of_Hindu_temples_in_India,https://upload.wikimedia.org/wikipedia/commons/thumb/2/2c/Ramappa_Temple_Warangal.JPG/250px-Ramappa_Temple_Warangal.JPG?utm_source=en.wikipedia.org&utm_campaign=parser&utm_content=thumbnail
https://en.wikipedia.org/wiki/List_of_Hindu_temples_in_India,https://upload.wikimedia.org/wikipedia/commons/thumb/0/00/Bhadrachalam_temple_View_from_Lord_Narasimha_Temple.JPG/250px-Bhadrachalam_temple_View_from_Lord_Narasimha_Temple.JPG?utm_source=en.wikipedia.org&utm_campaign=parser&utm_content=thumbnail
https://en.wikipedia.org/wiki/List_of_Hindu_temples_in_India,https://upload.wikimedia.org/wikipedia/commons/thumb/0/00/1000_pillar_temple_HNK.jpg/250px-1000_pillar_temple_HNK.jpg?utm_source=en.wikipedia.org&utm_campaign=parser&utm_content=thumbnail
https://en.wikipedia.org/wiki/List_of_Hindu_temples_in_India,https://upload.wikimedia.org/wikipedia/commons/thumb/d/d1/Ram_Janmbhoomi_Mandir%2C_Ayodhya_Dham.jpg/250px-Ram_Janmbhoomi_Mandir%2C_Ayodhya_Dham.jpg?utm_source=en.wikipedia.org&utm_campaign=parser&utm_content=thumbnail
https://en.wikipedia.org/wiki/List_of_Hindu_temples_in_India,https://upload.wikimedia.org/wikipedia/commons/thumb/6/65/Ganga_Dwar%2C_Gateway_of_Corridor_of_Kashi_Vishwanath_Temple%2C_Varanasi.webp/250px-Ganga_Dwar%2C_Gateway_of_Corridor_of_Kashi_Vishwanath_Temple%2C_Varanasi.webp.png?utm_source=en.wikipedia.org&utm_campaign=parser&utm_content=thumbnail
https://en.wikipedia.org/wiki/List_of_Hindu_temples_in_India,https://upload.wikimedia.org/wikipedia/commons/thumb/8/8e/PremMandirSideViewFromCanteen.jpg/250px-PremMandirSideViewFromCanteen.jpg?utm_source=en.wikipedia.org&utm_campaign=parser&utm_content=thumbnail
https://en.wikipedia.org/wiki/List_of_Hindu_temples_in_India,https://upload.wikimedia.org/wikipedia/commons/thumb/8/88/Yamunotri_temple_and_ashram.jpg/250px-Yamunotri_temple_and_ashram.jpg?utm_source=en.wikipedia.org&utm_campaign=parser&utm_content=thumbnail
https://en.wikipedia.org/wiki/List_of_Hindu_temples_in_India,https://upload.wikimedia.org/wikipedia/commons/thumb/b/b2/Gangotri_%28ganga_river%29.jpg/250px-Gangotri_%28ganga_river%29.jpg?utm_source=en.wikipedia.org&utm_campaign=parser&utm_content=thumbnail
https://en.wikipedia.org/wiki/List_of_Hindu_temples_in_India,https://upload.wikimedia.org/wikipedia/commons/thumb/3/30/Kedarnath_Temple.jpg/250px-Kedarnath_Temple.jpg?utm_source=en.wikipedia.org&utm_campaign=parser&utm_content=thumbnail
https://en.wikipedia.org/wiki/List_of_Hindu_temples_in_India,https://upload.wikimedia.org/wikipedia/commons/thumb/f/f9/Badrinath_Temple_%2C_Uttarakhand.jpg/250px-Badrinath_Temple_%2C_Uttarakhand.jpg?utm_source=en.wikipedia.org&utm_campaign=parser&utm_content=thumbnail
https://en.wikipedia.org/wiki/List_of_Hindu_temples_in_India,https://upload.wikimedia.org/wikipedia/commons/thumb/3/30/Kedarnath_Temple.jpg/250px-Kedarnath_Temple.jpg?utm_source=en.wikipedia.org&utm_campaign=parser&utm_content=thumbnail
https://en.wikipedia.org/wiki/List_of_Hindu_temples_in_India,https://upload.wikimedia.org/wikipedia/commons/thumb/2/20/Image_ank.JPG/250px-Image_ank.JPG?utm_source=en.wikipedia.org&utm_campaign=parser&utm_content=thumbnail
https://en.wikipedia.org/wiki/List_of_Hindu_temples_in_India,https://upload.wikimedia.org/wikipedia/commons/thumb/6/6f/Chandroday_mandir_uc_side_view.jpg/250px-Chandroday_mandir_uc_side_view.jpg?utm_source=en.wikipedia.org&utm_campaign=parser&utm_content=thumbnail
https://en.wikipedia.org/wiki/List_of_Hindu_temples_in_India,https://upload.wikimedia.org/wikipedia/commons/thumb/3/32/Dakhineshwar_Temple_beside_the_Hoogly%2C_West_Bengal.JPG/250px-Dakhineshwar_Temple_beside_the_Hoogly%2C_West_Bengal.JPG?utm_source=en.wikipedia.org&utm_campaign=parser&utm_content=thumbnail
https://en.wikipedia.org/wiki/List_of_Hindu_temples_in_India,https://upload.wikimedia.org/wikipedia/commons/thumb/4/49/Babataraknathtemple.jpg/250px-Babataraknathtemple.jpg?utm_source=en.wikipedia.org&utm_campaign=parser&utm_content=thumbnail
https://en.wikipedia.org/wiki/List_of_Hindu_temples_in_India,https://upload.wikimedia.org/wikipedia/en/thumb/4/4a/Commons-logo.svg/40px-Commons-logo.svg.png?utm_source=en.wikipedia.org&utm_campaign=parser&utm_content=thumbnail
https://en.wikipedia.org/wiki/List_of_Hindu_temples_in_India,https://upload.wikimedia.org/wikipedia/en/thumb/9/96/Symbol_category_class.svg/20px-Symbol_category_class.svg.png?utm_source=en.wikipedia.org&utm_campaign=parser&utm_content=thumbnail
https://en.wikipedia.org/wiki/List_of_Hindu_temples_in_India,https://upload.wikimedia.org/wikipedia/en/thumb/e/e2/Symbol_portal_class.svg/20px-Symbol_portal_class.svg.png?utm_source=en.wikipedia.org&utm_campaign=parser&utm_content=thumbnail
https://en.wikipedia.org/wiki/List_of_Hindu_temples_in_India,https://upload.wikimedia.org/wikipedia/commons/thumb/8/8c/DAB_list_gray.svg/40px-DAB_list_gray.svg.png?utm_source=en.wikipedia.org&utm_campaign=parser&utm_content=thumbnail
https://en.wikipedia.org/wiki/List_of_Hindu_temples_in_India,https://en.wikipedia.org/wiki/Special:CentralAutoLogin/start?useformat=desktop&type=1x1&usesul3=1
https://en.wikipedia.org/wiki/List_of_Hindu_temples_in_India,https://en.wikipedia.org/static/images/footer/wikimedia.svg
https://en.wikipedia.org/wiki/List_of_Hindu_temples_in_India,https://en.wikipedia.org/w/resources/assets/mediawiki_compact.svg
